addr1,addr2,addr3,addr4,postcode
Flat 1,12 Brixton Road,London,,SW9 6BU
,221B Baker Street,London,,NW1 6XE
,10 Downing Street,London,City of Westminster,SW1A 2AA
,1 Waterloo Road,London,Lambeth,SE1 8TY
,9 Clapham Common North Side,London,Clapham,SW4 0QW
,3 Coldharbour Lane,London,Brixton,SW9 8LH
,17 Acre Lane,London,Brixton,SW2 5SP
,65 Camberwell Church Street,London,Camberwell,SE5 8TR
,5 Vauxhall Bridge Road,London,,SW1V 2RE
,24 Kennington Road,London,,SE1 7BL
,41 Atlantic Road,London,Brixton,SW9 8JL
,3 Electric Avenue,London,Brixton,SW9 8JX
,48 Denmark Hill,London,Camberwell,SE5 8RS
,30 Streatham High Road,London,Streatham,SW16 1DB
,52 Tulse Hill,London,,SW2 2QA
,120 Norwood Road,London,Herne Hill,SE24 9AF
,44 Landor Road,London,Stockwell,SW9 9PH
,18 Brixton Hill,London,,SW2 1QA
,101 Clapham Park Road,London,Clapham,SW4 7EW
,9 Herne Hill,London,,SE24 9NE
